1,google.com,172.217.17.110
2,youtube.com,172.217.17.110
3,facebook.com,179.60.195.36
4,baidu.com,111.13.101.208
5,wikipedia.org,91.198.174.192
6,yahoo.com,98.139.183.24
7,reddit.com,151.101.1.140
8,google.co.in,172.217.17.99
9,qq.com,61.135.157.156
10,taobao.com,140.205.220.96
11,amazon.com,54.239.26.128
12,twitter.com,104.244.42.129
13,google.co.jp,172.217.17.99
14,sohu.com,220.181.90.20
15,tmall.com,140.205.94.193
16,live.com,65.55.118.92
17,vk.com,95.213.11.180
18,instagram.com,34.206.253.12
19,sina.com.cn,202.108.33.107
20,360.cn,106.120.167.67
21,jd.com,111.206.227.118
22,google.de,172.217.17.99
23,google.co.uk,172.217.17.99
24,linkedin.com,108.174.10.10
25,weibo.com,114.134.80.162
26,google.fr,172.217.17.99
27,google.ru,172.217.17.99
28,google.com.br,172.217.17.99
29,yandex.ru,5.255.255.5
30,yahoo.co.jp,183.79.135.206
31,netflix.com,54.77.81.254
32,google.com.hk,216.58.206.67
33,imgur.com,151.101.60.193
34,hao123.com,180.149.131.31
35,t.co,199.16.156.11
36,google.it,172.217.17.99
37,ebay.com,66.211.160.86
38,pornhub.com,31.192.120.36
39,google.es,172.217.17.99
40,aliexpress.com,198.11.132.250
41,wordpress.com,192.0.78.17
42,detail.tmall.com,121.42.17.238
43,msn.com,13.82.28.61
44,bing.com,13.107.21.200
45,tumblr.com,66.6.32.31
46,google.ca,172.217.17.99
47,microsoft.com,104.40.211.35
48,twitch.tv,52.36.196.57
49,livejasmin.com,109.71.160.200
50,stackoverflow.com,151.101.129.69
51,ok.ru,217.20.156.159
52,google.com.mx,172.217.17.99
53,ntd.tv,104.20.224.31
54,onclkds.com,206.54.163.50
55,imdb.com,72.21.206.80
56,office.com,40.117.226.146
57,blogspot.com,172.217.17.105
58,mail.ru,217.69.139.199
59,amazon.co.jp,54.240.252.0
60,github.com,192.30.253.113
61,apple.com,17.178.96.59
62,pinterest.com,151.101.0.84
63,microsoftonline.com,52.178.167.109
64,diply.com,2.17.222.167
65,tianya.cn,124.225.65.154
66,xvideos.com,185.88.181.18
67,popads.net,216.21.13.13
68,wikia.com,151.101.192.194
69,google.com.tr,172.217.17.99
70,csdn.net,101.201.172.229
71,google.com.au,172.217.17.99
72,service.tmall.com,140.205.152.85
73,alipay.com,110.76.19.33
74,whatsapp.com,192.155.212.203
75,google.com.tw,172.217.17.99
76,paypal.com,64.4.250.33
77,xhamster.com,88.208.18.30
78,adobe.com,192.150.16.117
79,youth.cn,123.103.56.246
80,soso.com,123.125.125.116
81,pixnet.net,103.23.108.107
82,coccoc.com,123.30.175.29
83,txxx.com,104.20.72.110
84,google.pl,172.217.17.99
85,dropbox.com,108.160.172.238
86,bongacams.com,216.18.168.2
87,amazon.de,54.239.32.138
88,login.tmall.com,212.98.178.253
90,porn555.com,104.25.94.107
91,google.co.th,172.217.17.99
92,google.com.eg,172.217.17.99
93,google.com.sa,172.217.17.99
94,fc2.com,54.148.172.92
95,google.com.pk,172.217.17.99
96,list.tmall.com,106.11.95.8
97,craigslist.org,208.82.237.129
98,bbc.co.uk,212.58.246.78
99,china.com,222.186.130.58
100,espn.com,199.181.132.250
101,soundcloud.com,54.192.129.251
102,amazon.in,54.239.32.8
103,thepiratebay.org,104.27.217.28
104,google.com.ar,172.217.17.99
105,gmw.cn,203.130.60.48
106,amazon.co.uk,176.32.108.186
107,google.co.id,172.217.17.99
108,bbc.com,212.58.244.23
109,cnn.com,151.101.193.67
110,adf.ly,104.20.0.4
111,uptodown.com,23.216.206.128
112,google.nl,172.217.17.99
113,dailymotion.com,195.8.215.136
114,booking.com,5.57.16.220
115,ettoday.net,219.85.79.131
116,clicksgear.com,198.134.112.232
117,rakuten.co.jp,133.237.48.124
118,quora.com,34.205.105.92
119,amazonaws.com,207.171.166.22
120,nytimes.com,151.101.1.164
121,vimeo.com,151.101.192.217
122,bet365.com,5.226.176.16
123,ask.com,66.235.121.239
124,blastingnews.com,212.97.32.174
125,ebay.de,66.135.211.132
126,blogger.com,172.217.17.105
127,stackexchange.com,151.101.65.69
128,daikynguyenvn.com,104.20.98.18
129,detik.com,203.190.242.211
130,nicovideo.jp,202.248.110.184
131,google.co.ve,172.217.17.99
132,huaban.com,115.231.100.109
133,naver.com,125.209.222.141
134,google.co.za,172.217.17.99
135,salesforce.com,96.43.145.26
136,adexchangeprediction.com,104.17.230.29
137,onlinesbi.com,103.68.220.61
138,vice.com,52.1.23.248
139,ebay.co.uk,66.135.211.132
140,so.com,42.236.9.70
141,fbcdn.net,179.60.195.7
142,savefrom.net,31.24.224.56
143,slideshare.net,108.174.10.19
144,theguardian.com,151.101.192.67
145,spotify.com,194.132.197.198
146,google.com.vn,172.217.17.99
147,buzzfeed.com,75.101.132.179
148,xnxx.com,185.88.181.57
149,tribunnews.com,52.74.134.97
150,chase.com,159.53.113.168
151,chaturbate.com,104.16.147.241
152,avito.ru,185.89.12.132
153,google.gr,172.217.17.99
154,cnet.com,64.30.228.118
155,xinhuanet.com,202.108.119.193
156,indeed.com,169.47.25.83
157,askcom.me,209.126.123.39
158,steamcommunity.com,23.2.230.33
159,softonic.com,46.28.209.62
160,wittyfeed.com,104.16.66.210
161,dailymail.co.uk,92.122.122.138
162,google.com.co,172.217.17.99
163,uol.com.br,200.221.2.45
164,mediafire.com,205.196.120.13
165,deviantart.com,216.137.63.17
166,google.be,172.217.17.99
167,globo.com,186.192.90.5
168,9gag.com,35.157.18.97
169,google.com.ph,172.217.17.99
170,wikihow.com,151.101.33.175
171,alibaba.com,198.11.132.23
172,google.se,172.217.17.99
173,nih.gov,54.235.145.223
174,thewhizmarketing.com,94.31.0.80
175,google.com.sg,172.217.17.99
176,flipkart.com,163.53.78.128
177,github.io,151.101.192.133
178,cctv.com,202.108.8.82
179,popcash.net,34.204.162.216
180,google.ro,172.217.17.99
181,w3schools.com,66.29.212.110
182,google.com.ua,172.217.17.99
183,getmyads.com,104.20.2.140
184,zhihu.com,118.89.225.170
185,rambler.ru,81.19.82.8
186,washingtonpost.com,192.33.31.56
187,mozilla.org,63.245.215.20
188,openload.co,104.16.168.50
189,google.az,216.58.206.68
190,godaddy.com,208.109.4.218
191,etsy.com,151.101.129.224
192,sogou.com,118.191.216.42
193,pinimg.com,151.101.192.84
194,force.com,204.74.99.100
195,gfycat.com,52.85.245.188
196,twimg.com,210.163.219.24
197,chinadaily.com.cn,124.127.180.200
198,google.cn,173.194.79.160
199,google.at,172.217.17.99
200,slack.com,54.230.8.185
201,varzesh3.com,94.182.163.4
202,roblox.com,69.172.201.47
203,google.co.kr,172.217.17.99
204,steampowered.com,23.2.230.33
205,upornia.com,104.25.64.8
206,google.com.ng,172.217.17.99
207,huffingtonpost.com,64.12.79.57
208,yelp.com,151.101.60.116
209,weather.com,23.2.224.254
210,google.com.pe,172.217.17.99
211,prestoris.com,188.72.202.36
212,redtube.com,64.210.135.134
213,china.com.cn,202.130.245.42
214,indiatimes.com,223.165.27.146
215,google.cz,172.217.17.99
216,4chan.org,104.16.118.221
217,reimageplus.com,161.47.7.14
218,walmart.com,161.170.248.20
219,youm7.com,104.16.15.195
220,google.ch,172.217.17.99
221,bankofamerica.com,171.161.148.150
223,iqiyi.com,101.227.188.170
224,cnblogs.com,42.121.252.58
225,messenger.com,179.60.195.7
226,redd.it,151.101.193.140
227,iwanttodeliver.com,141.0.174.23
228,kinogo.club,104.17.226.40
229,livedoor.jp,125.6.149.67
230,hclips.com,104.20.226.13
231,mama.cn,119.145.147.181
232,google.cl,172.217.17.99
233,myway.com,74.113.233.77
234,cnzz.com,42.156.162.55
235,tokopedia.com,182.253.224.184
236,mercadolivre.com.br,216.33.197.79
237,trello.com,23.2.226.38
238,babytree.com,59.110.149.245
239,rolloid.net,104.20.26.180
240,tripadvisor.com,192.229.189.15
241,amazon.fr,176.32.108.178
242,amazon.it,178.236.4.216
243,google.no,172.217.17.99
244,douyu.com,203.130.60.49
245,abs-cbn.com,104.16.118.25
246,spankbang.com,104.31.14.163
247,wellsfargo.com,159.45.170.143
248,outbrain.com,64.74.232.43
249,google.ae,172.217.17.99
250,battle.net,24.105.29.30
251,thesaurus.com,66.235.120.94
252,rarbg.to,185.37.100.122
253,gamepedia.com,104.16.85.211
254,zillow.com,54.230.131.103
255,google.dz,172.217.17.99
256,discordapp.com,104.16.59.5
257,wordreference.com,148.251.23.152
258,youporn.com,31.192.120.44
259,livejournal.com,81.19.74.2
260,1688.com,140.205.174.2
261,google.pt,172.217.17.99
262,ameblo.jp,27.133.209.103
263,doubleclick.net,172.217.17.110
264,yts.ag,104.27.214.30
265,archive.org,207.241.224.2
266,files.wordpress.com,192.0.72.2
267,weebly.com,74.115.50.109
268,dingit.tv,104.16.165.179
269,liputan6.com,52.76.165.214
270,forbes.com,63.240.4.179
271,ign.com,54.236.136.176
272,ikea.com,216.87.148.114
273,pages.tmall.com,212.98.178.253
274,sharepoint.com,52.178.167.109
275,intuit.com,23.222.39.174
276,giphy.com,151.101.129.127
277,yesky.com,219.239.88.112
278,skype.com,40.121.80.200
279,google.hu,172.217.17.99
280,allegro.pl,185.31.26.43
281,onclickpredictiv.com,104.197.42.174
282,kakaku.com,210.129.151.129
283,ltn.com.tw,218.211.33.75
284,breitbart.com,72.21.91.19
285,feedly.com,104.20.59.241
286,bilibili.com,42.96.146.169
287,k618.cn,123.103.56.42
288,ebay-kleinanzeigen.de,91.211.75.193
289,39.net,121.14.241.75
290,wikimedia.org,91.198.174.192
291,kinopoisk.ru,213.180.193.105
292,google.ie,172.217.17.99
293,foxnews.com,23.205.220.75
294,extratorrent.cc,104.23.197.8
295,youku.com,106.11.186.1
296,doublepimp.com,69.89.69.99
297,mega.nz,154.53.224.162
298,wetransfer.com,52.19.219.168
299,rutracker.org,195.82.146.214
300,speedtest.net,151.101.192.230
301,hotstar.com,52.219.36.38
302,shutterstock.com,162.212.41.11
303,sourceforge.net,216.34.181.60
304,aol.com,149.174.107.100
305,eastday.com,61.129.65.18
306,youtube-mp3.org,104.20.94.121
307,trackmedia101.com,35.156.156.64
309,google.dk,172.217.17.99
310,blackboard.com,69.196.244.99
311,kissanime.ru,104.20.26.43
312,google.co.il,172.217.17.99
313,lifebuzz.com,104.16.108.119
314,scribd.com,151.101.192.175
315,leboncoin.fr,193.164.196.82
316,freepik.com,178.33.44.27
317,flickr.com,69.147.76.173
318,blogspot.in,172.217.17.105
319,digikala.com,185.143.234.1
320,google.fi,172.217.17.99
321,asos.com,216.146.46.11
322,wordpress.org,66.155.40.250
323,irctc.co.in,103.252.142.18
324,genius.com,104.16.212.100
325,businessinsider.com,151.101.64.64
326,google.co.ao,172.217.17.99
327,163.com,123.58.180.8
328,bukalapak.com,182.253.238.102
329,bestbuy.com,23.205.220.131
330,webtretho.com,123.30.128.195
331,ouo.io,104.20.2.139
332,gearbest.com,52.42.173.166
333,blogspot.com.br,172.217.17.105
334,sberbank.ru,194.54.14.159
335,web.de,82.165.230.17
336,kompas.com,202.61.113.35
337,sabah.com.tr,109.169.55.249
338,espncricinfo.com,52.19.167.6
339,researchgate.net,209.15.249.230
340,gmx.net,82.165.229.87
341,gamefaqs.com,64.30.228.84
342,exoclick.com,178.33.165.129
343,taringa.net,104.16.253.64
344,zippyshare.com,37.187.134.184
345,oeeee.com,14.17.100.101
346,airbnb.com,50.19.107.246
347,goodreads.com,176.32.102.208
348,oracle.com,137.254.120.50
349,2ch.net,104.20.31.112
350,huanqiu.com,58.68.250.146
351,samsung.com,211.45.27.231
352,mailchimp.com,23.222.48.234
353,spotscenered.info,93.184.216.169
354,amazon.es,176.32.108.183
355,kaskus.co.id,103.6.117.2
356,google.sk,172.217.17.99
357,rumble.com,173.193.136.153
358,thewhizproducts.com,94.31.0.80
359,providr.com,52.208.197.252
360,utorrent.com,98.143.146.7
361,baike.com,124.243.228.203
362,rt.com,103.5.149.90
363,leagueoflegends.com,50.16.191.118
364,tfetimes.com,45.40.155.74
365,xfinity.com,68.87.41.40
366,onedio.com,104.20.24.247
367,caijing.com.cn,124.243.192.30
368,dictionary.com,66.235.121.141
369,nownews.com,61.220.58.24
370,medium.com,104.16.122.127
371,hp.com,15.240.60.238
372,orange.fr,193.252.148.140
373,accuweather.com,207.242.93.24
374,behance.net,151.101.129.197
375,hola.com,62.22.171.50
376,instructure.com,54.191.191.127
377,daum.net,114.108.157.19
378,media.tumblr.com,87.248.116.13
379,subscene.com,104.25.254.27
380,pandora.com,208.85.40.20
381,hotmovs.com,104.25.65.8
382,pwwysydh.com,52.202.119.97
383,theladbible.com,104.19.206.29
384,independent.co.uk,151.101.65.184
385,ndtv.com,52.2.229.194
386,hatena.ne.jp,59.106.194.19
387,onlinevideoconverter.com,94.228.215.230
388,hatenablog.com,52.197.171.58
389,naver.jp,119.235.235.13
390,goo.ne.jp,153.254.147.65
391,evernote.com,130.211.40.58
392,gyazo.com,35.186.213.112
393,telegraph.co.uk,95.101.0.35
394,icloud.com,17.167.146.43
395,amazon.cn,54.222.60.218
396,telegram.org,149.154.167.99
397,aliyun.com,140.205.32.12
398,amazon.ca,176.32.100.45
399,ibm.com,129.42.38.1
400,histock.info,54.192.129.155
401,clarins.tmall.com,198.11.188.75
402,onet.pl,213.180.141.140
403,sciencedirect.com,198.81.200.2
404,zendesk.com,192.161.154.1
405,hilltopads.net,194.187.96.24
406,ensonhaber.com,46.245.167.55
407,themeforest.net,2.17.220.107
408,aparat.com,185.147.176.11
409,usps.com,56.0.134.100
410,mediawhirl.net,104.27.137.66
411,cricbuzz.com,119.81.209.86
412,taleo.net,68.233.77.233
413,beeg.com,213.174.158.155
414,homedepot.com,207.11.34.219
415,youdao.com,61.135.218.30
416,shopify.com,52.0.193.233
417,nametests.com,104.16.49.93
418,enet.com.cn,106.75.77.239
419,wix.com,107.154.110.40
420,hulu.com,72.246.146.30
421,hdfcbank.com,104.16.82.72
422,target.com,104.83.4.58
423,atlassian.net,131.103.27.65
424,codeonclick.com,184.168.221.59
425,seasonvar.ru,178.236.137.154
426,spiegel.de,128.65.210.8
427,ci123.com,202.102.90.109
428,google.kz,216.58.206.68
429,rottentomatoes.com,54.69.39.83
430,taboola.com,107.22.178.157
431,go.com,199.181.131.249
432,cbssports.com,216.239.116.100
433,repubblica.it,213.92.16.101
434,conservativetribune.com,104.20.3.224
435,free.fr,212.27.48.10
436,mit.edu,2.17.13.89
437,livedoor.com,125.6.149.67
438,gizmodo.com,151.101.193.34
439,ebay.it,66.211.181.20
440,bloomberg.com,69.187.23.20
441,ultimate-guitar.com,178.18.22.152
442,paytm.com,52.76.238.87
443,reverso.net,89.107.171.183
444,tutorialspoint.com,93.184.220.20
445,americanexpress.com,104.87.5.189
446,hespress.com,104.20.114.3
447,123movies.is,93.115.61.89
448,streamable.com,151.101.65.63
449,haber7.com,46.245.163.1
450,fiverr.com,104.16.55.215
451,kapanlagi.com,203.12.21.5
452,prezi.com,54.225.159.36
453,box.com,107.152.27.196
454,mercadolibre.com.ar,216.33.197.78
455,capitalone.com,208.80.48.175
456,urbandictionary.com,104.196.116.127
457,elpais.com,91.216.63.241
458,naij.com,52.72.21.222
459,google.com.kw,172.217.17.99
460,gismeteo.ru,92.242.43.216
461,pulseonclick.com,35.186.216.244
462,canva.com,104.16.77.22
463,ups.com,153.2.224.50
464,wp.pl,212.77.98.9
465,dell.com,143.166.147.101
466,videodownloadconverter.com,74.113.235.138
467,4dsply.com,69.89.74.80
468,ablogica.com,184.168.221.35
469,kickstarter.com,54.192.129.234
470,chaoshi.tmall.com,106.11.95.8
471,patch.com,151.101.64.70
472,azlyrics.com,5.79.69.118
473,perfecttoolmedia.com,23.236.62.147
474,seznam.cz,77.75.79.39
475,line.me,203.104.138.138
476,userapi.com,95.213.4.234
477,theverge.com,151.101.65.52
478,udemy.com,104.20.65.82
479,webmd.com,208.93.170.15
480,shink.in,104.31.86.161
481,myanimelist.net,34.208.163.214
482,setn.com,52.84.203.181
483,icicibank.com,203.27.235.25
484,gsmarena.com,148.251.77.209
485,kooora.com,107.154.103.19
486,nike.com,146.197.184.71
487,gomovies.to,104.20.65.199
488,upwork.com,104.16.33.27
489,playstation.com,209.200.152.198
490,nur.kz,195.210.46.236
491,duckduckgo.com,54.229.105.92
492,thevideo.me,104.17.213.37
493,biobiochile.cl,67.43.7.192
494,momoshop.com.tw,202.39.40.88
495,billdesk.com,210.210.24.66
496,wiley.com,208.215.179.146
497,google.bg,172.217.17.99
498,teepr.com,104.20.196.19
499,rednet.cn,113.240.254.10
500,ck101.com,104.16.141.172
501,vporn.com,204.155.151.80
503,t-online.de,62.138.239.100
504,rediff.com,95.101.0.35
505,marca.com,193.110.128.199
506,tube8.com,216.18.168.66
507,filehippo.com,151.101.64.196
508,google.co.nz,172.217.17.99
509,sahibinden.com,85.111.30.111
510,blogspot.mx,172.217.17.105
511,ptt.cc,140.112.172.11
512,thefreedictionary.com,209.40.98.58
513,pantip.com,203.151.13.169
514,qiita.com,54.248.113.128
515,albawabhnews.com,104.28.26.209
516,xda-developers.com,209.58.128.90
517,slickdeals.net,192.33.31.161
518,usatoday.com,159.54.242.176
519,mi.com,120.134.33.10
520,fedex.com,204.135.13.175
521,4shared.com,204.155.149.29
522,glassdoor.com,104.16.116.47
523,my-hit.org,46.183.150.153
524,pixabay.com,78.47.54.114
525,wiktionary.org,91.198.174.192
526,flirt4free.com,204.8.234.202
527,libero.it,37.9.239.32
529,ebay.com.au,66.135.211.132
530,siteadvisor.com,161.69.13.140
531,weblio.jp,210.189.86.12
532,chatwork.com,52.68.10.81
534,poptm.com,104.20.85.245
535,pikabu.ru,91.228.155.94
536,boredpanda.com,34.192.132.134
537,wsj.com,205.203.140.65
538,go2cloud.org,54.86.192.19
539,groupon.com,2.17.13.155
540,admarketplace.net,108.60.149.204
541,1337x.to,104.31.17.3
542,avg.com,93.184.217.9
543,umblr.com,216.146.46.10
544,hurriyet.com.tr,83.66.162.3
545,reuters.com,52.2.61.110
546,ampxchange.com,108.60.149.204
547,khanacademy.org,23.23.224.106
548,zoho.com,8.40.222.155
549,adnetworkperformance.com,130.211.186.109
550,yallakora.com,196.205.93.110
551,blogspot.com.es,172.217.17.105
552,manoramaonline.com,95.101.2.24
553,gamer.com.tw,104.20.25.138
554,livescore.com,54.246.159.107
555,weevah2.top,67.55.77.171
556,google.lk,172.217.17.99
557,cambridge.org,185.26.230.129
558,lemonde.fr,93.184.220.20
559,tvbs.com.tw,211.75.187.33
560,goal.com,185.42.236.11
562,douban.com,115.182.201.8
563,google.rs,172.217.17.99
564,nba.com,157.166.249.247
565,chip.de,23.222.54.61
566,familydoctor.com.cn,125.88.171.82
567,drom.ru,185.44.0.25
568,citi.com,192.193.218.80
569,springer.com,195.128.8.134
570,tabelog.com,202.239.30.129
571,olx.pl,5.134.215.168
572,bild.de,145.243.240.20
573,academia.edu,54.247.118.82
574,lifehacker.com,151.101.193.34
575,pairade.com,104.20.203.4
576,mlb.com,209.102.213.14
577,brightside.me,144.76.47.213
578,ouedkniss.com,51.255.67.74
579,naukri.com,54.251.103.25
580,adplxmd.com,205.186.187.178
581,mercadolibre.com.mx,209.225.49.84
582,emol.com,200.12.20.60
583,yandex.ua,77.88.55.55
584,youjizz.com,31.192.122.224
585,porn.com,94.199.252.153
586,aastocks.com,113.28.162.189
587,comicbook.com,52.24.100.164
588,patreon.com,104.20.18.183
589,hubspot.com,23.42.195.232
590,fbsbx.com,179.60.195.7
591,uidai.gov.in,103.57.226.101
592,shaparak.ir,185.167.72.10
593,surveymonkey.com,75.98.93.51
594,camdolls.com,141.0.174.74
595,neobux.com,167.114.191.215
596,list-manage.com,205.201.132.96
597,bitmedianetwork.com,54.231.114.169
598,asana.com,151.101.129.184
599,wowhead.com,23.223.27.14
600,hm.com,134.213.2.238
601,google.com.do,172.217.17.99
602,givemesport.com,216.146.46.11
603,souq.com,72.52.8.197
604,npr.org,216.35.221.76
605,getpocket.com,34.200.169.121
606,blogfa.com,104.31.72.239
607,directrev.com,52.216.0.34
608,ncaa.com,157.166.249.30
609,engadget.com,149.174.144.142
610,ask.fm,193.138.77.140
611,videoyoum7.com,104.16.72.169
612,prothom-alo.com,107.154.248.36
613,myfreecams.com,207.229.73.117
615,ria.ru,178.248.233.32
616,elbalad.news,104.25.22.11
617,thekitchn.com,209.126.235.141
618,uploaded.net,81.171.123.200
619,milliyet.com.tr,85.111.27.87
620,google.by,216.58.206.68
621,snapdeal.com,103.194.152.149
622,blog.jp,125.6.146.13
623,asus.com,103.10.4.216
624,office365.com,23.99.229.108
625,newegg.com,2.17.223.19
626,humblebundle.com,104.20.35.236
627,friv.com,75.126.39.117
628,lazada.co.id,45.116.91.1
629,discogs.com,216.151.17.130
630,ebay.in,66.211.185.77
631,lapatilla.com,104.20.80.244
632,bandcamp.com,151.101.129.28
633,eksisozluk.com,176.53.43.6
634,expedia.com,204.74.99.101
635,newtabtv.com,108.59.81.209
636,intoday.in,52.74.32.52
637,putlockertv.is,179.43.173.50
638,linkshrink.net,104.27.181.151
639,mobile.de,194.50.69.124
640,olx.com.br,187.84.96.209
641,irs.gov,166.123.218.220
642,kijiji.ca,91.195.49.131
643,104.com.tw,122.147.53.67
644,att.com,144.160.155.43
645,bleacherreport.com,34.205.243.132
646,terraclicks.com,198.134.112.232
647,investopedia.com,66.235.121.175
648,huawei.tmall.com,198.11.188.78
649,yenisafak.com,23.97.139.115
650,ccm.net,23.205.220.88
651,inquirer.net,104.20.30.186
652,drive2.ru,146.255.192.77
653,wattpad.com,54.83.5.150
654,elmundo.es,193.110.128.199
655,comcast.net,69.252.80.75
656,google.com.ly,172.217.17.99
657,quizlet.com,104.16.16.221
658,buyma.com,210.152.134.247
659,kotaku.com,151.101.193.34
660,instructables.com,74.50.63.27
661,japanpost.jp,203.202.223.140
662,convert2mp3.net,104.25.72.103
663,googlevideo.com,216.58.206.68
664,sh.st,78.140.188.190
665,nanoadexchange.com,104.154.49.10
666,torrentz2.eu,104.27.134.181
667,streamcloud.eu,93.115.81.41
668,lefigaro.fr,212.95.74.42
669,wunderground.com,2.17.221.238
670,google.hr,172.217.17.99
671,dmm.co.jp,203.209.152.60
672,corriere.it,185.53.36.101
673,jrj.com.cn,117.121.12.17
674,tistory.com,61.251.98.169
675,okcupid.com,198.41.209.133
676,olx.ua,5.134.215.157
677,tradeadexchange.com,104.197.47.161
678,sex.com,206.125.164.82
679,chinaz.com,117.25.139.77
680,okta.com,23.21.220.245
681,mmofreegames.online,104.24.112.60
682,disqus.com,151.101.64.134
683,mashable.com,23.205.220.144
684,xe.com,23.64.35.60
685,goo.gl,172.217.17.110
686,addthis.com,104.16.61.133
687,meetup.com,151.101.130.2
688,appledaily.com.tw,139.175.236.112
689,android.com,216.58.206.68
690,squarespace.com,198.185.159.177
691,bitbucket.org,104.192.143.3
692,viid.me,78.140.188.187
693,lenta.ru,81.19.72.38
694,subito.it,212.31.252.70
695,okezone.com,202.80.220.213
696,watsons.tmall.com,198.11.188.75
697,nikkei.com,138.101.9.100
698,discuss.com.hk,104.24.17.111
699,hdrezka.me,5.45.79.6
700,lk21.org,104.27.137.38
701,sabq.org,104.16.43.64
702,mercadolibre.com.ve,209.225.49.90
703,adp.com,170.146.93.56
704,oschina.net,121.40.103.128
705,bhaskar.com,104.83.4.49
706,dafont.com,87.98.168.164
707,likemag.com,104.25.17.25
708,gamespot.com,64.30.228.81
709,adidas.tmall.com,198.11.188.78
710,lenovo.com,104.87.9.67
711,google.tn,172.217.17.99
712,liftable.com,104.20.93.223
713,beytoote.com,184.154.69.154
714,commentcamarche.net,91.209.35.126
715,sakura.ne.jp,210.224.168.100
716,buzzhand.com,104.28.25.32
717,gazetaexpress.com,104.28.23.117
718,reference.com,107.22.189.149
719,elevenia.co.id,112.215.119.100
720,ecosia.org,52.28.113.116
721,as.com,91.216.63.241
722,www.gov.uk,151.101.36.144
723,chouftv.ma,104.20.9.75
724,techcrunch.com,192.0.79.33
725,17ok.com,119.254.11.66
726,epochtimes.com,107.178.245.188
727,queryrouter.com,50.63.202.40
728,webex.com,64.68.121.205
729,bodybuilding.com,206.207.84.93
730,verizonwireless.com,137.188.80.90
731,howtogeek.com,23.92.23.113
732,namnak.com,185.49.84.250
733,europa.eu,147.67.119.135
734,coursera.org,216.137.63.99
735,hotels.com,2.16.14.156
736,banggood.com,198.23.84.206
737,stanford.edu,171.67.215.200
738,elfagr.org,104.27.161.160
739,speedknow.co,104.28.30.91
740,infusionsoft.com,54.183.188.95
741,watchseries.cr,104.25.33.99
742,eventbrite.com,52.44.84.44
743,chron.com,174.143.228.153
744,secureserver.net,208.109.4.222
745,westernjournalism.com,104.20.0.224
746,ebay.fr,66.211.181.235
747,timeanddate.com,209.68.24.127
748,merdeka.com,103.6.0.2
749,torrent9.biz,104.27.189.252
750,autodesk.com,132.188.92.132
751,life.tw,104.25.191.5
752,nordstrom.com,23.222.57.101
753,bitly.com,67.199.248.15
754,eskimi.com,92.62.130.180
755,zing.vn,118.102.1.119
756,g2a.com,104.20.185.16
757,rbc.ru,185.72.229.9
758,uzone.id,36.86.63.186
759,disq.us,151.101.192.64
760,fmovies.se,104.27.140.126
761,urdupoint.com,104.25.116.20
762,realtor.com,206.131.180.21
763,drtuber.com,78.140.187.214
764,php.net,72.52.91.14
765,ienjoyapps.com,96.45.83.113
766,ca.gov,67.157.98.46
767,gogoanime.io,104.25.83.33
768,tomshardware.com,52.204.157.15
769,animeflv.net,104.24.28.35
770,xxlargepop.com,206.54.181.35
771,cisco.com,72.163.4.161
772,rapidgator.net,195.211.221.116
773,unity3d.com,169.54.221.58
774,jabong.com,2.17.7.183
775,fmovies.to,104.27.146.62
776,blogspot.jp,172.217.17.105
777,fanfiction.net,96.45.83.227
778,myanmarload.com,104.27.128.25
779,drudgereport.com,107.178.244.221
780,liveadexchanger.com,130.211.28.230
781,ieee.org,140.98.193.152
782,jimdo.com,151.101.66.2
783,mangafox.me,176.53.21.90
784,cnbc.com,199.182.102.13
785,searchprivate.org,104.25.95.22
786,motherless.com,46.166.188.38
787,macys.com,2.20.247.35
788,badoo.com,159.253.176.32
789,bintang.com,54.169.165.29
790,jeuxvideo.com,193.36.45.189
791,vnexpress.net,63.220.1.49
792,primewire.ag,104.23.192.30
793,vjav.com,104.27.121.110
794,crunchyroll.com,104.20.18.239
795,superuser.com,151.101.1.69
796,duolingo.com,184.72.124.184
797,merriam-webster.com,192.229.162.185
798,sosodesktop.com,104.25.98.11
799,extra.to,104.20.20.47
800,4pda.ru,104.20.41.23
801,liveleak.com,199.80.59.194
802,intel.com,13.91.95.74
803,prpops.com,104.28.0.232
805,zone-telechargement.ws,104.25.119.112
806,pchome.com.tw,220.130.119.180
807,gotporn.com,104.24.120.247
808,thegameraccess.com,209.133.197.178
809,hootsuite.com,54.163.247.76
810,allrecipes.com,13.93.202.50
811,watchfree.to,104.27.215.30
812,shopclues.com,202.87.61.100
813,curapelanatureza.com.br,188.166.117.245
814,nhl.com,8.20.73.150
815,jw.org,54.191.45.214
816,mirror.co.uk,54.228.196.132
817,andhrajyothy.com,103.24.202.89
818,popmyads.com,104.24.118.44
819,dict.cc,136.243.87.217
820,apple-kungfu.com,88.85.69.170
821,prnt.sc,104.25.250.35
822,ruten.com.tw,117.18.232.133
823,cdiscount.com,185.94.140.30
824,gmarket.co.kr,117.52.16.78
825,kayak.com,208.94.137.69
826,nbcnews.com,50.204.7.40
827,onwatchseries.to,81.17.17.10
828,caixa.gov.br,200.201.166.253
829,moneycontrol.com,124.153.64.100
830,51sole.com,47.90.2.56
831,investing.com,185.94.84.100
832,solarmoviez.to,104.25.42.37
833,politico.com,52.2.5.153
834,trulia.com,198.176.43.184
835,thesun.co.uk,192.0.66.2
836,discover.com,104.108.184.97
837,harvard.edu,52.87.67.209
838,southwest.com,208.94.153.100
839,mobile01.com,202.39.235.20
840,time.com,216.137.63.191
841,fidelity.com,155.199.192.111
842,zhanqi.tv,182.92.104.151
843,wonderlandads.com,88.85.82.166
844,allocine.fr,62.39.143.28
845,deviantart.net,35.166.238.131
846,olx.in,52.77.201.63
847,123moviesfree.com,104.27.140.252
848,grammarly.com,54.210.34.212
849,gutefrage.net,213.95.206.42
850,hdzog.com,104.24.5.33
851,google.com.ec,172.217.17.99
853,issuu.com,52.72.26.162
854,brazzers.com,66.254.109.60
855,nature.com,192.129.25.42
856,wish.com,50.18.215.109
857,gmanetwork.com,52.74.223.93
858,udn.com,2.22.109.79
859,python.org,23.253.135.79
860,google.lt,172.217.17.99
861,y8.com,95.85.28.135
862,norton.com,155.64.16.51
863,bhphotovideo.com,74.113.188.100
864,google.iq,172.217.17.99
865,codepen.io,104.25.14.31
866,58.com,115.159.231.140
867,caliente.mx,134.213.233.164
868,airtel.in,125.21.240.13
869,ted.com,52.72.18.237
870,smartadtags.com,52.216.224.210
871,vonvon.me,216.239.32.21
872,ero-advertising.com,185.70.212.136
873,fanpage.gr,148.251.126.2
874,telewebion.com,46.28.53.114
875,dumedia.ru,185.26.97.47
876,toutiao.com,60.29.248.107
877,junbi-tracker.com,95.128.201.170
878,52pk.com,115.182.53.16
879,kissasian.com,104.25.46.113
880,techradar.com,89.167.143.24
881,clipconverter.cc,5.135.203.40
882,bomb01.com,104.20.231.29
883,brilio.net,103.6.0.120
884,bola.net,203.12.21.5
885,suning.com,218.92.221.83
886,yaplakal.com,5.187.1.122
887,cam4.com,95.211.208.200
888,ticketmaster.com,72.246.172.195
889,jb51.net,58.218.207.238
890,askubuntu.com,151.101.129.69
891,innfrad.com,104.25.181.105
892,windows.com,23.100.122.175
893,cbc.ca,104.83.4.19
894,vetogate.com,104.31.93.38
895,adme.ru,144.76.52.35
896,lowes.com,23.222.48.71
897,bankmellat.ir,176.56.156.136
898,how01.com,146.71.113.228
899,psu.edu,146.186.15.17
900,lazada.com.ph,178.248.238.2
901,latimes.com,192.187.77.17
902,java.com,23.222.33.219
903,wp.com,192.0.78.24
904,almasryalyoum.com,104.20.240.42
905,avast.com,46.4.62.212
906,jianshu.com,103.72.145.209
907,torrentproject.se,104.31.17.3
908,interia.pl,217.74.65.23
909,thebalance.com,151.101.129.121
910,google.com.mm,216.58.206.68
911,myfitnesspal.com,52.72.95.79
912,mathworks.com,144.212.130.17
913,agoda.com,103.6.182.20
914,express.co.uk,54.77.151.111
915,usnews.com,80.157.151.123
916,eyny.com,75.126.182.35
917,lun.com,200.12.23.22
918,zhaopin.com,59.151.5.23
919,uber.com,104.36.192.182
920,bookmyshow.com,52.219.32.18
922,zomato.com,2.22.135.89
923,mangastream.com,104.28.19.11
924,ap76rmx3.accountant,5.11.81.141
925,s34me.com,78.140.190.102
926,divar.ir,79.175.191.253
927,searchalgo.com,96.45.82.193
928,mynavi.jp,210.154.149.63
929,hepsiburada.com,193.28.225.200
930,internetdownloadmanager.com,169.55.40.5
931,chinaso.com,118.26.26.72
932,href.li,192.0.78.27
933,coursehero.com,104.16.148.224
934,youboy.com,139.219.138.196
935,xtube.com,94.199.255.148
936,thesportbible.com,104.16.103.180
937,stockstar.com,202.109.106.1
938,nasa.gov,52.0.14.116
939,nikkeibp.co.jp,202.238.142.229
940,kizlarsoruyor.com,176.53.93.6
941,blkget.com,96.45.83.233
942,visualstudio.com,65.54.226.180
943,kinokrad.co,94.198.243.15
944,yandex.com.tr,87.250.255.11
945,xl415.com,78.140.181.183
946,kinoprofi.org,78.108.185.50
947,indianexpress.com,192.0.79.33
948,thehill.com,92.122.122.153
949,idnes.cz,185.17.119.32
950,ancestry.com,66.43.22.183
951,alicdn.com,115.238.23.240
952,turbobit.net,88.85.84.134
953,google.com.my,172.217.17.99
954,sapo.pt,213.13.146.142
955,trandaiquang.org,119.81.61.219
956,ifeng.com,210.51.19.63
957,theatlantic.com,192.33.31.52
958,india.com,54.169.44.182
959,google.com.gt,172.217.17.99
960,polygon.com,151.101.65.52
961,voc.com.cn,182.92.227.35
962,ecollege.com,159.182.165.173
963,tnaflix.com,77.247.179.176
966,yalla-shoot.com,104.23.129.81
967,adscpm.net,104.25.2.27
968,chegg.com,54.236.238.201
969,lazada.com.my,178.248.238.6
970,worldstarhiphop.com,198.84.60.137
971,google.si,172.217.17.99
972,berkeley.edu,128.32.203.137
973,lazada.co.th,178.248.238.5
974,sporx.com,195.142.107.70
975,elmogaz.com,104.31.76.24
976,twoo.com,77.73.177.139
977,dmv.org,104.83.5.80
978,sugklonistiko.gr,148.251.154.150
979,livestrong.com,23.227.10.35
980,sputniknews.com,178.248.233.26
981,seesaa.net,59.106.98.139
982,biblegateway.com,52.200.27.166
983,delta.com,216.87.148.114
984,photobucket.com,209.17.68.100
985,artstation.com,104.20.23.120
986,narod.ru,195.216.243.246
987,cookpad.com,52.45.135.190
988,makemytrip.com,180.179.112.50
989,apache.org,88.198.26.2
990,qualtrics.com,216.146.46.10
991,pof.com,199.182.216.166
992,bitauto.com,59.151.116.98
994,focus.de,2.17.220.246
995,informer.com,174.36.40.35
996,ea.com,184.169.130.235
997,pcgamer.com,89.167.143.23
998,justdial.com,2.17.0.113
999,pastebin.com,104.20.208.21
1000,pcmag.com,34.205.104.93
1001,alsbbora.com,104.28.30.199
1002,fishki.net,88.212.236.76
1003,mysearch.com,199.36.100.112
1004,1tv.ru,195.16.108.152
1005,cbsnews.com,64.30.228.126
1006,welt.de,195.50.176.200
1007,imagebam.com,67.202.120.212
1008,vesti.ru,80.247.32.206
1009,gazeta.pl,80.252.0.145
1010,mawdoo3.com,151.101.64.175
1011,bs.to,186.2.163.124
1012,hearthpwn.com,104.16.62.226
1013,nypost.com,192.0.79.32
1014,wuxiaworld.com,104.24.11.59
